size,weight,type
2.2516904878090047,2.3854745490756644,$1
1.9424714448277103,2.071512401253426,$1
2.9668258501923397,3.3164060465578657,$5
2.329461481812003,1.464434695093031,$1
2.0985597910559326,2.154872191063971,$1
3.3208334032163145,3.0899503248732896,$5
1.8193652792524995,2.460948627177034,$1
2.8743201640719276,3.174209881333957,$5
2.722205989647297,3.0274599368484956,$5
1.6798909724849376,1.6774102372273625,$1
2.679396616200047,3.046223839284563,$5
3.3031365836296978,2.86424791292455,$5
1.651117582769075,1.740590126971907,$1
2.139014834154167,1.9735917782234158,$1
2.0206557447421325,2.3066488407870356,$1
2.162304807998349,2.1223867014127604,$1
2.737771870053496,2.417020593696849,$1
1.6114540362328889,1.6512685980799613,$1
1.4767222846441785,2.0097748068483523,$1
3.2252878446664965,2.676358675565619,$5
2.092270800020385,1.9729983773785864,$1
1.59577634751483,2.4988017556582918,$1
1.7043117050825762,1.6240065989592722,$1
2.0823132967502964,2.411409508987102,$1
2.995815913707175,2.8024558953093215,$5
1.9828547481948233,1.5433115557848431,$1
2.385461047216565,1.7085383774738705,$1
2.4444957873025897,1.4961300119615661,$1
2.9960534708238615,2.869711696799657,$5
3.085857771562207,2.98480654926625,$5
2.535360903660969,2.693635226274307,$1
1.932735339451792,1.9458247494006176,$1
2.632612798631313,2.954907808335858,$5
2.8761950830206806,3.078854485936305,$5
2.7773192160853934,3.325483924697006,$5
3.3158656508473774,2.856107875923135,$5
1.5471922958586737,1.7728630638364618,$1
2.048018402126167,1.6588073247783375,$1
1.5915966147210936,2.5375469512206683,$1
1.8560985465657631,1.776767685743752,$1
2.34757236389451,1.8878766662106194,$1
1.6401478532427538,1.8462679593530174,$1
2.089268016048634,2.0697636986004575,$1
2.199347767384471,2.4355479043614823,$1
3.3015043242530915,2.7158496853608307,$5
1.9184036564486096,1.3686666221104316,$1
2.606875753009944,1.455045217005635,$1
3.1926254510068164,3.2376908449082387,$5
2.016089061567664,2.373458156279958,$1
2.5207448633820317,1.6163049758060721,$1
2.8160688817741164,3.0154096564906983,$5
2.378763016734461,2.1374554511959944,$1
1.981622371980959,2.0438579914234998,$1
1.9715507170606628,1.6916588424038281,$1
1.3864575909172205,2.0015651674002886,$1
1.846779228559472,1.8380837976148423,$1
2.616499572415656,2.8007860747302695,$5
1.5467927398237236,1.7976774914053795,$1
1.658140101432548,1.8061583718804308,$1
2.1801008396391053,2.54195325646005,$1
1.437085133205881,2.105836208939559,$1
2.2526014002257524,1.297391269802205,$1
3.2239063740549536,2.667733512932653,$5
1.5266432422826015,2.3919911975007024,$1
1.5710136537341723,2.002904781708519,$1
3.253276472234643,2.9876887631048064,$5
2.1384037800498734,1.5824560655330755,$1
1.7333751993183588,2.1730855756447074,$1
3.205246465595427,3.140608820237103,$5
2.4390023823770113,1.663526481469424,$1
3.354401996327679,2.59319135021335,$5
2.831312625860379,2.25294130468523,$1
1.7383782817296356,2.075608716708027,$1
2.3764463329414696,1.471507010742914,$1
1.761957018771173,1.4069355246478932,$1
2.7028924295826497,2.0459477997489497,$1
1.6343333426983997,1.8473094952502267,$1
1.388253305447693,2.233603871247606,$1
1.5084991552700766,1.4906415203063894,$1
2.6355741051870596,3.41956186336134,$5
2.1289233157761966,1.5072435225492786,$1
2.6128370358651942,2.274008434950061,$1
2.9684966279765823,3.120693295345316,$5
2.655228345416508,1.8788604711998325,$1
2.698188530814024,3.1527828568994574,$5
2.759865341346087,3.3749134237098612,$5
2.399357847899024,2.7423472348975944,$1
1.9943083701200426,2.203782207018018,$1
1.334164933196741,1.6834071936546313,$1
1.8574405781968362,2.179159877970518,$1
1.3456077649952514,1.8499343722341044,$1
2.7317575393089752,1.7279347235420617,$1
1.690776983142156,1.95951664837549,$1
1.1075105358422477,1.9434119337464961,$1
2.248818074633366,2.1932501018646313,$1
1.8080026906308744,2.593050639214547,$1
1.6147119946419175,2.4436392036931776,$1
2.9171861584168877,3.4784314987397913,$5
1.542072804032193,2.0341379282479566,$1
2.3205804016885345,2.577632352803847,$1
2.5364615570917604,2.957163254380836,$5
2.057414703222733,2.682610672602462,$1
2.8312498078371195,3.2178772951761,$5
3.1291950255499668,2.8230706386277813,$5
1.4653560090446782,1.982061042258707,$1
1.811688068775108,1.4626011459104493,$1
2.267761243402492,1.829890702246909,$1
1.2559067621649511,1.7448931370301013,$1
1.8877967018222919,2.154609991075719,$1
1.6853398934415198,2.5020604242998545,$1
2.783212046511405,2.918466369186862,$5
1.7858794603323425,1.8499717656213288,$1
2.1611964102993952,1.5395689044589878,$1
2.7357762735093405,2.929147004679258,$5
2.1082171361234217,2.20860078188309,$1
3.3061921576113185,2.8199439439154417,$5
2.4277145163905645,1.9037482872005718,$1
2.0390273155153538,2.653234004928068,$1
1.5818315105075864,1.8229519075835587,$1
2.63418819643939,3.006281588893933,$5
1.9650519260052735,2.1111589288394503,$1
2.73784147713104,3.0037698884977146,$5
2.728373941521478,2.9756609981990456,$5
2.2817626923271472,1.9643334105344135,$1
2.6920637856685046,1.6215108329809869,$1
2.5715613482073616,3.0659926092623757,$5
1.554557773389721,2.7105951753875823,$1
1.7054792522742113,1.6956669596615825,$1
3.0190954388747926,2.8103946407540548,$5
3.142107099824477,2.7762222806885326,$5
2.806331637622769,3.251682307897573,$5
2.8682687454581535,2.9220677964718487,$5
3.4538295060986215,2.8818117587027094,$5
2.9745675007964256,3.017749991874151,$5
2.9404435861518987,2.882713010335143,$5
2.9669586421537475,3.2679387899575065,$5
2.828603308202503,2.858269052706256,$5
1.8969868053421035,1.381727182063086,$1
2.0059284744617,2.2753847594421126,$1
1.6009992036573117,1.8066432023444912,$1
2.7327948405102607,3.1092715139487903,$5
1.5476501769139928,1.9198066647202716,$1
1.51472558624266,2.651891290221754,$1
1.7618856389445658,2.1606214665438173,$1
1.4977045822015722,2.3256342678995825,$1
1.7250628917885313,2.547158797841438,$1
1.4378031199713637,2.4368677823002525,$1
2.8016174276608616,3.2005327761735094,$5
2.5072421447975843,2.527936934294991,$1
3.496691776498907,2.740997785173197,$5
3.066165496590253,2.7488846407578595,$5
2.0500164524310103,2.4185778531537427,$1
2.186572507437976,2.5072155291920506,$1
1.8912568496939153,2.3084673720585123,$1
2.664178416726939,2.931460431370303,$5
1.868508086285986,2.646337875109065,$1
3.418426415108863,3.0095888092097614,$5
1.8435119186229099,1.9754794435037937,$1
2.5102461644544483,2.5707244929847786,$1
2.0869695001799737,2.609590141771796,$1
3.080316340794292,2.869616653801277,$5
2.081942707969513,2.0291433167794315,$1
1.9454803126040388,2.2147821952129076,$1
2.4119073858465723,2.24373858900913,$1
2.2037004073245514,1.4532846654432263,$1
2.62786575468555,3.160714672891687,$5
1.8402114617476972,2.3189824223604347,$1
1.361551499027639,1.7487556422669803,$1
2.152066816844581,1.914644363154756,$1
2.784545182639595,3.456828760961969,$5
1.9227902933524943,1.8945882303866624,$1
2.3668285160691047,1.2435050096530142,$1
2.0670043080862834,2.044172411741191,$1
2.182419153601014,2.0984276350434596,$1
2.127663879515156,1.3026439327728445,$1
2.961372772265242,2.9176738470586647,$5
1.6230106608626438,1.5948566038296574,$1
1.6615168571263361,1.663955996767681,$1
3.275887621079386,3.040736840878804,$5
1.9138006922374584,2.6159211008006142,$1
3.1041394143416423,2.9808921756604843,$5
2.1982396953207783,1.5066681037636043,$1
2.9441386744262923,3.021058339796915,$5
2.317695536981356,1.4999716393583895,$1
2.4920314398248875,2.2606752702825164,$1
2.0436904683663704,2.1232014959079137,$1
1.8623518352412238,1.56463686495386,$1
2.5085856265917217,3.190005473341586,$5
2.9387361325743355,3.4116263557340085,$5
2.1147638283499823,1.9277794130437154,$1
1.5397929634992602,2.6086594547949526,$1
2.5790709468095905,3.1987467662990143,$5
3.0218888546482745,2.511765723699689,$5
3.4085546837314116,2.699572950381498,$5
3.23288404901094,3.0622289763565744,$5
1.4711490216535672,2.3024050333517287,$1
2.2462469388380524,2.1830622947314415,$1
3.042860493179693,2.891142255032727,$5
2.5962247402726013,2.8955656758941792,$5
2.096503122157304,1.8224148838669074,$1
1.825606632474075,1.4874447631623045,$1
1.605497339744849,1.8111344252113482,$1
1.456682786754252,2.368464548609098,$1
2.248740387005399,1.7886481444547564,$1
2.4567802843574373,1.7679980649735183,$1
1.6898927060853464,1.8207454813448165,$1
3.2572015705260204,2.867563360249087,$5
2.6780421541144195,1.9358085752047527,$1
2.549541129359205,1.4805331228025231,$1
2.563015975534173,2.9342699640829517,$5
3.442081581307338,2.725319285236952,$5
1.6072929015174808,1.4920838287117488,$1
1.5561486166619753,2.46467132157423,$1
2.545523439528864,2.5903251153626874,$1
2.443175247583811,1.794153512999046,$1
3.116982126059616,2.8562315173255524,$5
1.6739052576105062,1.1985702724791714,$1
1.5981856648687531,1.4094306380910693,$1
1.904964792095768,1.5245545363620572,$1
2.263992045253577,2.3110814471627994,$1
2.7813189940827043,3.19338663938451,$5
2.2829514548162133,2.5304348961075784,$1
2.3127392425108937,2.0322540699053993,$1
2.5118126226430615,2.5224573238149093,$1
3.152125756825679,3.050789780192141,$5
2.080031198182093,2.6919186350668847,$1
3.4176096100474718,2.952883085586934,$5
2.270441651571924,2.7882093271103328,$1
2.092513920863225,1.859606766698767,$1
2.367310874644859,2.6847896276661376,$1
3.103788123351322,2.958298514563885,$5
2.284873138224653,1.683114944810964,$1
2.477729493588876,1.6489898947720183,$1
1.991568717261436,2.287179466714684,$1
2.1958912164849598,1.678354975760421,$1
1.8138831728469207,1.4954542206456012,$1
2.525992264252692,1.7226511757843066,$1
2.8716225898768775,3.1333596593059285,$5
2.9482005247975698,2.543001186463675,$5
1.534151950965018,2.385585877653517,$1
1.4094714974148725,1.786892064897182,$1
2.8654061622724547,3.4592926932691204,$5
1.1968708355516233,2.0987392268835405,$1
2.3203992454461053,1.6321619961798561,$1
3.10241925380512,2.931059132433813,$5
2.293477738177252,2.5047190046989254,$1
3.0705329760800284,3.0357970815742297,$5
2.7354330184590667,2.233943161592257,$1
2.4449967728328614,1.6752238871036607,$1
2.2416876771826413,2.693875826231574,$1
2.887634095029541,1.9295371946243056,$1
2.3130979427557974,2.4149587979425102,$1
1.9844983375736291,1.478817952757373,$1
3.1588914441251257,2.6563570457221033,$5
1.717180408500617,2.0830263876347455,$1
1.9210028506721588,2.121684881094177,$1
1.82336879667928,2.3463671669737387,$1
2.0615246850525293,1.8721363605706587,$1
1.3146988128277237,1.6312325175507747,$1
1.4700353810073508,2.3645401940261603,$1
3.1272382319667025,2.5792332620418468,$5
2.0352761841747258,1.6326330351310525,$1
1.704080319935768,1.3783342702868029,$1
3.1710618863512297,3.2660515154731886,$5
2.361361196532722,2.5838670402766373,$1
1.4828989652185864,1.566838184985081,$1
1.897766742763356,2.23922701472534,$1
2.5869095046038817,2.9461327677309255,$5
3.3470091106603883,2.928063554228495,$5
1.653357296916792,1.7812493756291237,$1
1.8334409736540414,2.551094212105859,$1
2.318089137721917,1.9227951462860582,$1
3.375777858971707,3.1650116705761278,$5
3.044753777067606,2.9877244055738403,$5
3.1925243121830937,3.2353153048654235,$5
2.1052874133787247,1.858646804993016,$1
2.831606857691147,1.8253581761227267,$1
1.6365645773127646,2.4548568549638605,$1
1.9991493426482965,1.7456932794752844,$1
3.4858628275339387,2.946709256396638,$5
1.5957478500823774,2.3342800154556196,$1
2.673824142344267,3.0003175313598627,$5
3.3359655036852844,2.888442047223927,$5
2.6394354148066004,1.9101109859959942,$1
2.747219808052268,3.196448415076223,$5
1.3191545957778328,2.4996502774941023,$1
2.153208044906104,1.9556314036324352,$1
1.7469480541154747,2.214299115362567,$1
3.218994508299826,2.8194937537201117,$5
3.0172580979003136,2.634385342455455,$5
1.8903060035247132,2.016650020010291,$1
2.065901292907987,1.770394820211325,$1
2.365076214440034,1.5950485537599068,$1
3.158876123834201,2.6834916166943055,$5
1.4711881182893338,1.7474711408679788,$1
2.6932286375156425,1.4845858751694796,$1
3.27649956782875,3.220559930641329,$5
1.6033841134586924,2.5486954667911412,$1
2.418486725023631,1.5184840406216948,$1
3.283402913323913,2.969181123307968,$5
1.6434588634184755,2.3736706263140284,$1
1.4682770299193726,1.711617659341259,$1
2.2759414078160978,1.5681857950907274,$1
2.7361895353383314,2.6974468056680436,$5
2.750105858936359,3.046754967079436,$5
2.6745332943936493,1.9810317472982197,$1
2.147093497104665,2.3693598038574115,$1
3.185137050705771,2.8259611878826343,$5
1.568905074401935,1.6326921204661837,$1
1.5258506772198621,2.6908358507323626,$1
2.9563110788916322,3.1769222535238963,$5
2.764908064869731,3.108294631656612,$5
1.8887831190863247,2.26632567614369,$1
2.4233396442789146,2.494385850880273,$1
2.8561575247836823,2.854407149861599,$5
2.1769679719000545,2.234343964752913,$1
2.0111509747310565,2.3377133835654895,$1
2.164948083750422,2.0382249913875983,$1
2.422995955851488,2.0800426723531507,$1
2.593808209963183,1.8396527868505386,$1
1.5831321868800141,1.5041738948410144,$1
3.4997992342670425,2.939389496626882,$5
1.8050835978757263,1.6550330518898726,$1
2.9539233911864695,3.376439561612746,$5
2.819484349616037,1.7742688517050775,$1
2.9795847078029047,3.408802658712741,$5
2.6813458898368348,3.0569535030989115,$5
2.740777848336432,3.096698763703203,$5
2.0975010478561162,2.690701833315512,$1
1.3335850223223844,1.7923842926651468,$1
1.5578958563841494,1.539408725987862,$1
2.3960024610531105,1.4350501745468092,$1
2.07241641202856,2.1741694945291745,$1
1.3168352032053798,2.063486948460871,$1
3.143452748932025,2.869632889148072,$5
1.424570417704597,1.442483515752705,$1
2.5521131650450024,2.4949274388992073,$1
2.3495787559835426,1.667563528639464,$1
2.073420951437317,1.7171787468788846,$1
3.0238512507207727,3.047588947020441,$5
3.1276578078331143,3.3735955315462087,$5
1.7122803192518565,1.9800065466720862,$1
1.8542323582689668,1.704066520574281,$1
3.4044542612437336,3.1741257699348138,$5
2.1317700023139485,1.4191258683037522,$1
2.663601937387994,3.2907203971217758,$5
3.0262333043260083,2.8917641764882926,$5
2.3765249609612926,2.557489107541915,$1
2.4128589198144734,1.8355889698841432,$1
3.018571700420787,2.908336609074955,$5
1.5561496623686544,1.8368908269130457,$1
1.4077134920320011,1.4851213406079922,$1
2.795616154270771,2.3255123495443843,$1
1.6179685357795104,1.8754208282517604,$1
2.7772379884685416,3.1322527521145647,$5
3.4092589045582535,3.14574306125879,$5
2.102417044311072,1.6649036393930128,$1
2.1998636384748194,2.5797313071446237,$1
2.031521531821033,1.6045882293811764,$1
3.306812723624396,2.6219443315010915,$5
1.9082689627920302,1.970447831067229,$1
3.403363930483488,2.6981866027100008,$5
1.9872068622650485,2.1609721488908273,$1
3.063205739489625,3.0525858630029115,$5
1.7115774783757964,2.259333463586567,$1
1.8403217382005455,2.385227114918691,$1
2.7922991240644657,2.7752989054798984,$5
3.2755083288266706,2.8558669204384257,$5
2.8294115178335266,2.9540385746290374,$5
1.6554939710127958,1.8733159136868938,$1
2.929350732604401,2.5510547404798976,$5
3.2206717287725315,3.009525014326795,$5
3.066026894760089,3.307339743683946,$5
1.7673489899621686,1.7754188390554215,$1
2.6968906420145844,2.68635171498264,$5
2.503377177945606,2.4399469272369045,$1
2.053428182134783,2.1932092976953577,$1
2.0711609799226327,1.7086527405708118,$1
2.700787648705375,3.127954128728445,$5
2.094373844353825,2.5830307932777097,$1
3.4089666130080953,2.884717692830984,$5
2.5548468067638197,1.772895044717132,$1
2.7150254395340068,3.198056552488331,$5
3.128597489633058,2.6943007158981147,$5
1.3448987491109443,2.0755030720382086,$1
1.3946929989464707,2.0597019644524006,$1
3.3489970569691927,3.14954577577619,$5
2.2423541549499406,2.679670569328785,$1
2.880821539012274,2.8149185886309978,$5
2.1591259916666674,1.6582969590834973,$1
1.2755320995906827,1.7944868974940487,$1
2.408079169683184,2.4288623708514514,$1
2.468278656943408,2.4030288133728117,$1
3.151072341607449,3.1208123758437702,$5
2.6377839567928207,1.6707189796418154,$1
1.397340389194054,2.345334085193053,$1
3.009253701688582,2.7333098477406104,$5
3.203850181577942,2.6270697803507126,$5
1.6318662856979027,2.5753602112055063,$1
3.3352707509304813,2.6622175934268877,$5
1.9323684359091353,1.9067410567096355,$1
1.660662052213514,2.2603331017480297,$1
3.103626288519812,2.9069751962789567,$5
2.6165465574581956,3.084045848119048,$5
1.3801596831817242,2.3756493201037507,$1
2.8853855642135717,1.8509677943003466,$1
2.6859402354204844,1.7294973794514001,$1
1.5836880913239615,1.9695584413349587,$1
2.386314676132354,1.7296144954096948,$1
2.4274894090971353,1.6892450258915126,$1
3.00086975472463,3.1549551494643735,$5
2.522758775374161,1.7830590921464307,$1
2.4398905275955296,2.667678579070747,$1
2.604022725503534,1.7296013439548796,$1
2.3780880638701127,1.694256147813411,$1
1.6843128473144442,1.7456459975388705,$1
2.245277051427209,1.7859034776747185,$1
2.149050629034479,2.3895245599180823,$1
3.3731097589407435,2.658093814456647,$5
2.5015901568911705,2.0193777800146107,$1
2.5329109918589476,2.6636662155700073,$1
3.4960489305451405,2.920496217121583,$5
1.721353747746267,1.8150576841558674,$1
1.5908652420562186,2.274576001924898,$1
1.8710217205305624,1.8977314212997431,$1
2.6940330118492994,1.7337535049078967,$1
3.210410639077952,2.6281808898637427,$5
3.3543547645177894,3.248196108691986,$5
2.2961916902239277,1.7924273568682736,$1
1.8978689536946902,2.375379689856877,$1
3.0729721324199364,2.567189200080308,$5
2.427143514828516,1.5993673094224925,$1
1.8541498773129605,2.175911023040722,$1
1.9204601908556007,2.812992717222108,$1
2.2449501387432846,2.6335926743271987,$1
3.375336821731815,3.1465773083935,$5
2.177655813062941,2.033816381510225,$1
1.1329470338531322,2.0159205192761274,$1
1.734047211738049,1.2274938632648558,$1
2.7572511320472612,1.7226722070680378,$1
3.154921687109278,3.0240678895005035,$5
2.8643580144639804,3.0003517075430097,$5
2.8367923931308905,2.9451280801601176,$5
3.071826127063493,3.2949556554890345,$5
2.495759633055922,1.8737490824634284,$1
3.012222502729397,2.6576167351782876,$5
1.9914302967029862,2.4952247376395054,$1
1.8453605038826015,1.4364329946421694,$1
3.503649626994111,2.7934185470830575,$5
3.168457082752213,2.4939788470366677,$5
2.6149069570104544,2.8146988243785453,$5
1.8651602449193816,1.9850050240050532,$1
2.58454596672526,2.2846505270218387,$1
1.9119484552703059,2.1069731216016097,$1
3.0608220332592593,3.3126970995317295,$5
2.475956964231656,2.693592577106921,$1
2.9575480555069102,2.8254438772170376,$5
1.7359021717667689,2.0902877782580465,$1
1.7679918633599734,1.7933958915484483,$1
2.0359223815003267,1.9947450898452457,$1
3.022911465696901,2.846414221189927,$5
2.524000398952376,3.04962482828404,$5
2.376380939214029,1.9507200656213741,$1
2.6619449379530824,1.8999979681318446,$1
1.9679256591443528,1.6622606634364556,$1
1.8367535942313762,2.412391736282734,$1
2.36893030685688,2.4862595886405883,$1
3.117909018877402,3.3436526482679376,$5
1.5629174158098569,1.7488295122422215,$1
2.1019813357029804,2.7155498925031782,$1
3.15662240894085,3.104892224393505,$5
3.2894999440868,3.229655497720202,$5
1.3767678446466836,1.8857575456437925,$1
3.404927690774536,2.8747473919897226,$5
2.4254733856472255,1.5134130187083372,$1
2.5606746240942924,2.9694439583984336,$5
2.4730762182146995,1.706612158052463,$1
2.0554238580837114,2.36482993461107,$1
3.1509738329586154,2.928462454880539,$5
2.8110761293614814,1.8924075783367,$1
3.1963010704053394,2.867414984925858,$5
2.91610078680319,2.5354428961825572,$5
3.0604202780764442,2.925954446613084,$5
2.119838395180773,1.5323861884491852,$1
2.5242389698216385,2.572088306873126,$1
2.3912979271639023,2.6158257283592024,$1
2.548664788938646,2.0030052082479823,$1
2.480244860314645,2.198093848045768,$1
1.8836558503842726,2.1812993252958455,$1
2.4747660776110547,2.350734309269016,$1
3.0001573021250016,3.296147657755503,$5
3.3897387837846704,2.771855091488967,$5
1.7387751613628977,2.109789422392563,$1
2.241256961484588,2.7457534243413493,$1
3.2603674338897504,3.1345156979360866,$5
3.3071893610503365,2.574832151589103,$5
1.983855211783605,2.1634131425175704,$1
2.26418132023905,1.6417694935490845,$1
3.2074688767530777,3.012049558382477,$5
2.1976375801111745,1.8865197826962765,$1
2.1134866408390165,1.9495200765074827,$1
2.578061904641774,2.4299772252871987,$1
2.976774125764864,2.790869807668482,$5
1.970327002199117,2.707494381759764,$1
2.594879178611287,3.363567952373269,$5
2.8156134964529067,2.9340019981537955,$5
3.4349954825205655,2.7428088183660027,$5
3.073130112962681,3.2666959066337133,$5
2.519060923144388,1.6299191854208195,$1
2.7667648130773514,2.963734012899204,$5
1.691191470936505,1.9273411686306785,$1
2.8628484472469182,2.735618767386956,$5
2.9150970555099565,2.698214617490681,$5
2.6457699201728446,1.3642400133793098,$1
2.8032717976146007,2.779913099367479,$5
2.6153925180760496,2.961750035988481,$5
3.076561377248157,3.0624179896573267,$5
1.9999138300354935,1.9725886674686166,$1
2.331336802968104,1.4620106810012057,$1
2.441066129774149,2.2939919758412963,$1
2.0053624600458644,2.1414924056020057,$1
1.7954576616797946,2.3388708684597392,$1
2.8488920911703897,3.0787190032462544,$5
2.3830605170119368,1.5701491321119154,$1
2.0530841521405705,1.9573428438819973,$1
2.091925519879536,2.578560831433246,$1
2.7500606005393315,3.137235995272243,$5
2.1495438149494484,2.300044661072531,$1
3.3511849132851923,3.025036948994313,$5
3.1280145522003036,2.5685361817720964,$5
1.6773653186260884,2.484102264203959,$1
2.7000501912165955,2.8617692380850155,$5
2.870834332608089,2.826842412446563,$5
2.013129316550958,2.6140693341508348,$1
2.6167749760884043,2.8458692181896517,$5
2.247876907543034,1.9131174012833951,$1
2.6111712521367925,3.0801465028219943,$5
3.0135377286664697,2.821950649197772,$5
1.5659807399971926,2.420567014360416,$1
1.6545654160323053,1.9324575649896825,$1
2.967847386046294,3.1917153714274438,$5
2.3458291976904144,2.634987733567109,$1
2.2938488842879865,1.9185263589933543,$1
2.231979445208613,1.588236023008508,$1
2.2019153899634416,1.823659029236383,$1
2.6447151661592097,2.519780137562506,$1
3.2149966462491433,2.976524389722186,$5
2.1510378488359407,1.854428352620583,$1
1.7175633343049512,2.1832882642924503,$1
2.039863179381861,1.8990575032332768,$1
1.5396214247380458,2.5103931749475272,$1
2.972415935382439,2.6907016667085717,$5
2.1401926209354736,2.0186717917020824,$1
3.4535564695849397,2.749296698031176,$5
3.114679399050252,3.04567731605641,$5
1.8446826034858388,2.6363766696184943,$1
2.165018164803072,2.0633436174183997,$1
1.9267130796934706,1.401004836794858,$1
2.5628862971599977,3.1997082218374384,$5
2.3714676032818103,1.7459819998589787,$1
2.2244574739990663,2.570421636309115,$1
2.710058614576365,2.333988738989846,$1
1.7983331162105276,1.9846460516587483,$1
1.5925198088940895,2.1696021879542284,$1
3.2596180342467376,2.906136142011375,$5
1.6872176905922975,2.3898846961643683,$1
1.5885026140600755,2.2355287682620006,$1
2.231489984266527,2.083964541337414,$1
2.9661838852223097,3.5052141458776918,$5
1.7042662691415889,2.1468743743808383,$1
2.39837670417141,1.5418580632790801,$1
3.072127298002043,3.219028132917402,$5
1.8273138615146933,2.434585267187206,$1
2.027795084055961,1.770511383094353,$1
1.690721038964642,1.6458015196691211,$1
2.8999093105911324,2.977968705265609,$5
2.2261625841277253,1.4516757481572207,$1
3.326830356865025,3.223864311681175,$5
2.906764365684423,3.3937506455646007,$5
2.644519984511229,2.8071903998479186,$5
2.758352800489008,2.9012416175594957,$5
1.7003982474831203,1.9096126891589515,$1
3.0060950198170975,2.783182251223497,$5
1.8066341323774537,1.6613581488006735,$1
1.692560606026261,1.4710163862799186,$1
2.1767808307707623,1.738019719811269,$1
2.7936609686222083,3.4011456731917633,$5
3.0986117422821193,2.708132891343813,$5
3.3813344500697218,2.906951069063075,$5
2.9831412410739357,3.017559937527211,$5
1.634012627747049,2.2776470199264,$1
1.8044794006505427,1.5899238281766048,$1
1.6078260971878466,2.572651982504225,$1
2.2334146953904144,1.956437472939626,$1
1.5165671398936975,2.271267818462329,$1
2.816329753891287,2.944800418115431,$5
1.5709439075639486,2.5814880986082844,$1
1.5413229498163994,1.69475058418726,$1
2.278454143639277,2.14720015954991,$1
2.1261413441222565,1.89427924911155,$1
2.061604075034258,2.532533311543035,$1
3.003917857756538,3.1860863579005816,$5
2.2164142050848357,2.503486933236252,$1
2.578777317779737,3.3467256151231672,$5
1.396485671475427,1.7558780192100376,$1
2.970443129036515,3.423478499071831,$5
1.458227662509638,1.7916255746907328,$1
2.5043568656013973,2.6517059620382986,$1
2.7776788117075646,2.952411891020529,$5
3.0002471037262115,2.646337112715882,$5
2.7133505062251118,2.9922781149635744,$5
2.916627808857324,3.0671003054811274,$5
2.137622241413233,2.038080236102937,$1
3.062499952155874,2.6695664398141217,$5
1.8731093129362342,2.6964332305232808,$1
2.488877495274815,1.9115893805687145,$1
2.0803600338285975,1.270742136442663,$1
2.213673004234167,1.6447765939311476,$1
2.316846919149249,2.7090351122103282,$1
2.077114625010056,2.0217197734843575,$1
3.201664974789721,2.5281851031081004,$5
2.093663334813287,1.9163261232759188,$1
3.001346982037154,2.8247378215243844,$5
3.429063226531434,2.653150777592993,$5
2.16138069780357,2.2205663980560053,$1
2.992209532751814,2.6903019370396164,$5
2.1214234285373235,1.947303269657371,$1
1.944125866119848,2.0001075013590452,$1
2.6918568984193048,3.1538491375432387,$5
2.7370534771870156,2.422213295323007,$1
2.3306303666145975,2.1308976146811043,$1
2.8386210230215325,2.6715395618750657,$5
2.673922650147328,2.3785511635276615,$1
2.9983230458556998,3.122123961950124,$5
1.9480860445952641,2.0063657779853394,$1
2.4069880937096344,1.6036777744519881,$1
2.658858115826198,1.8657426066292704,$1
2.2981454700809034,1.1739119954462907,$1
2.077733400759749,2.1835827941679673,$1
2.5237842644000787,2.177450397773951,$1
2.9598788558467626,3.4125103231818574,$5
2.0214671804316566,2.056184885739304,$1
2.6376176019475874,3.346524200668167,$5
1.9148569856360675,1.7967504273972468,$1
1.5421594054145549,2.119644936783419,$1
2.558202743683627,3.3349017849383724,$5
1.9621423584358622,1.542337222330885,$1
1.4409763735042036,2.62981969863053,$1
3.251708120772634,2.6999245816423922,$5
2.1227310298760536,1.2334591183739918,$1
2.634932036041188,3.0978037960769553,$5
2.6084266606895765,2.2992500629828374,$1
1.1697165378201002,2.002387592730491,$1
2.8736136817922473,3.031737764623487,$5
2.876533766881111,2.9738131991958614,$5
2.8807939857679674,2.9680789328223134,$5
2.1019629726352482,2.079161077143005,$1
1.8957835898638276,1.6385990039539677,$1
2.3732945863447465,1.4631200179436699,$1
2.372606173233426,1.1687799389157627,$1
1.4448205824404126,1.8095281108247163,$1
1.529807860305329,2.606808768607476,$1
2.6710389761064937,3.0447195914199754,$5
3.3567664768355767,2.7629211180315973,$5
2.3395422757878173,1.6427445793797146,$1
1.6844829097839165,2.2076632415514617,$1
1.85282436909325,2.1257432935110265,$1
1.6143649890326228,1.5603622842316411,$1
2.0403629818030966,2.183378411751824,$1
1.3191166169197899,2.2498139707212275,$1
1.9375627331765388,2.442372204710306,$1
1.6734988439032772,1.5280024704228312,$1
2.7599769215960124,3.056803776893063,$5
1.4128339671837031,2.4750251237743903,$1
1.66965680652994,2.1824093622462915,$1
2.764016388302438,3.1846170215361393,$5
2.813631464191857,1.7600403610732018,$1
2.797522798830321,1.5871816253226378,$1
2.0548466790202715,1.9488787639056937,$1
2.7118577154757126,2.330189802089846,$1
2.72048819556776,2.4575636025468017,$1
1.6934246825847,2.6165470414803673,$1
2.9078151886966963,2.92499364333076,$5
3.283757386230973,3.304653452198555,$5
1.8240385147518767,2.0210962166424373,$1
2.371808334800629,1.676261609145292,$1
2.0253107722682593,1.667383526062094,$1
3.217204688351891,2.9494837005684227,$5
2.5511979920018737,2.1762992619738264,$1
2.951634318281239,2.5342162060163007,$5
1.9185762559861907,2.543077876745534,$1
3.3492860913446765,3.1131618124616955,$5
1.522113062163074,2.239888002987395,$1
1.935495213429349,2.400424448824523,$1
2.9001307281437483,3.0221558756298696,$5
1.6841516514994037,2.1055465986083677,$1
2.500340228100942,1.8421247109453442,$1
1.625296664972089,1.214198991546035,$1
2.897161217816422,2.8573180269998746,$5
2.1607055036005853,1.8650824210889105,$1
3.1492570351265723,2.903244230630567,$5
1.4559797464581958,2.0577966032111608,$1
2.2806982453857936,1.3665784636032663,$1
2.3986258594086083,2.1762883062856684,$1
2.1503626169367895,1.7759314876504417,$1
2.045047025375155,1.4246643513554569,$1
2.3744770076411226,1.9604152272719055,$1
2.7284720669537386,3.1623301618433706,$5
2.723676782106149,3.1742313096780475,$5
2.1157655837037623,1.5355431908899342,$1
3.070317507905024,3.1851695412382606,$5
1.9445402085733388,2.1166358241478833,$1
2.5961577535420135,3.1217537824082053,$5
3.000645665512658,3.051945169121739,$5
1.468096169451577,2.0366751933993035,$1
2.906829303137016,3.222636392657592,$5
2.725944278633289,2.780304914526993,$5
3.162653603467528,3.2092046187901166,$5
2.8319208035692736,3.412724589954329,$5
2.101104564815194,1.9391312536635874,$1
2.567804323364611,1.8490933997854386,$1
2.498571957827046,1.6915689976468262,$1
3.098163544393283,3.2348308662387284,$5
1.823052813987831,2.73329771409181,$1
2.0314376006562296,2.0972615215027437,$1
1.762173487009222,1.8071404858303342,$1
1.9417009807685603,2.042795731641407,$1
1.909872969533949,2.0842239799413798,$1
1.5920988681953174,2.299765008245344,$1
1.8511983708857893,2.4346718170803627,$1
1.8165962205315422,2.7505166789735003,$1
1.8240274331648054,1.8286973998173772,$1
3.333354197380942,3.104007713719694,$5
3.3847320915954415,2.7165387566926658,$5
3.1530482520919287,3.3346683088440274,$5
3.2956971766168595,2.739505285271968,$5
3.3220287258631287,3.1547475092871444,$5
1.6425914531003227,1.5053062678630902,$1
2.5184207135000545,2.2078297865525007,$1
2.192345870504896,1.464674496697308,$1
2.909693729726106,2.6324372140662233,$5
3.2406076136489945,3.1294132665516647,$5
1.8895587188479956,2.278260057730339,$1
1.971227896466733,2.8655940263771953,$1
2.175209386109352,2.151693708917357,$1
2.8061839433831395,2.840102866105232,$5
2.5743991050032786,2.0519301250244117,$1
2.220232064362928,2.0521200267514628,$1
2.6775515650483395,1.514299278476925,$1
2.833600857331411,3.2843192933848475,$5
2.071343614207585,2.4150176734390083,$1
3.097924790230908,2.611893931353543,$5
1.8854881058613415,1.8333835409963573,$1
2.0467888750536254,1.9628713697540756,$1
1.6208011752424034,2.3751573762262335,$1
1.9361261359936666,2.5482403289706124,$1
2.147746774045425,2.672292814525047,$1
2.5289433616759593,1.9063780250707951,$1
2.5304085248116728,2.914870717284334,$5
2.7776913816565707,1.6531205595896337,$1
3.2258392276421954,2.6088292771165245,$5
1.3477648763355332,1.8163540665117006,$1
1.8243349167654477,2.4187282567314714,$1
2.3761683013267074,2.7489961394291673,$1
1.780468327863305,2.0964839991367654,$1
2.8232677528812533,3.3601693797051704,$5
1.8592592123448715,1.9269158543779497,$1
1.6843070817989958,2.6235208020695664,$1
2.8078634957625335,2.6549492400312067,$5
1.81816979565667,2.2025675549436774,$1
3.2759023777949468,3.346898682591571,$5
2.5291179972131506,1.8577856796016567,$1
2.6052036526598634,3.08155241446077,$5
2.3736998626028516,2.391788637900769,$1
2.773239550562381,3.254585666816406,$5
2.270967620884462,1.7236692074228,$1
3.0596969279896746,2.614738135317335,$5
2.236131872641025,1.3616270914783413,$1
2.8613403673582214,3.3561609882116916,$5
2.1653186679869165,1.9824737877415355,$1
2.542830554391189,3.3217207593705913,$5
2.352522326311577,2.718404923125899,$1
1.732725819156512,1.866525418195808,$1
2.648948991036778,1.945728773927724,$1
2.0141199766108087,1.9175049905777297,$1
2.159298706907029,2.1205000438806696,$1
2.8350870794314997,3.1886038634360747,$5
2.865374253594972,2.7782473751882786,$5
2.945659342355158,3.105363080849105,$5
2.1763377578208223,2.7723594107566973,$1
2.0267610088357735,1.542923977158871,$1
2.4422653613178937,2.7496398374666065,$1
1.9806565311226332,1.4196994875701496,$1
2.0765161971789126,1.3888440428547055,$1
2.9109673650599035,2.5997078533278053,$5
1.7785493211026715,2.625591572154371,$1
1.8751228320027835,1.97931453292145,$1
2.8195122755266864,2.6331740018974847,$5
3.1582903448779764,3.053059880095276,$5
2.6590414578989483,2.9764756436257125,$5
1.8424589330117092,1.5492059432502148,$1
1.8409706077982535,2.623228797886741,$1
2.8740325244462683,3.0322960134370645,$5
2.742605305208924,3.064119905499638,$5
2.163309125082918,2.28519205666049,$1
2.1019857211379858,1.7460977978947834,$1
1.7591877570841064,2.0867371721070125,$1
3.3668185461831412,2.7853870698296723,$5
1.9282975731207364,2.1983498955701464,$1
2.011684385245285,2.512379364399923,$1
1.8956653042526828,2.827615951329535,$1
2.5547588743952043,2.097037098063941,$1
3.185434108298492,3.1127459454367545,$5
1.6552072440011556,2.5287186171242504,$1
3.2998450780273423,2.709928399824737,$5
3.018836334575216,3.017111220432941,$5
2.583023768278574,2.006653053884925,$1
3.439808044618966,3.0929912433632554,$5
2.7296233374691994,3.0235730955825177,$5
2.2961548505281626,1.9310887522906695,$1
2.8102374030954467,3.2815524537030405,$5
3.26786806713503,2.8588590792262236,$5
1.9195215341948446,1.8643057887037418,$1
2.7250654630509494,2.7109048769336788,$5
3.1548798431223912,3.079018901909895,$5
2.080637600875005,1.5970891889182803,$1
1.8748165479404932,1.670551604411975,$1
2.7950556090637346,2.2705222813286907,$1
2.8496032597493572,2.674120929700412,$5
1.7233521174621669,1.294316492287927,$1
3.2548553695524607,3.2548325182403337,$5
2.6538547172675377,2.563447276833779,$1
2.1171948729870893,2.3103142805923294,$1
1.964454471928726,1.7862114206246804,$1
1.286020873248277,2.054878505924842,$1
2.413784447992783,2.162935474310758,$1
2.7373108458166318,3.112044680494069,$5
1.8717831934630014,1.969343425332839,$1
3.0863760984126323,2.778487218753667,$5
1.545303020209794,1.834138286234076,$1
1.7677129666337332,1.8599536985807086,$1
1.8699904025650083,2.079969582142842,$1
2.5879375977536725,1.4986987840077248,$1
2.925694949481521,2.716990566997801,$5
2.5999819706338667,2.792725406852634,$5
1.2522890860481317,2.1134178695038663,$1
2.2733347664079484,2.0229434774512614,$1
2.323885803543825,1.3868423817403008,$1
1.4801305984151902,2.279438074311461,$1
2.2977382718909336,1.6903187957433674,$1
1.937532995988357,2.2466970675670304,$1
3.077053796061082,3.4512559529297637,$5
2.8606230743325014,2.8549501802676147,$5
2.8901240470330993,3.1615212077940926,$5
1.6283613942881192,1.9860987649227024,$1
3.2494944514015813,3.3030637240737084,$5
3.3159926531097583,2.8902460771289693,$5
2.595198604232205,1.3499124094797388,$1
2.5874680203841436,3.0088158941645835,$5
2.776028901031019,2.1612351164459542,$1
1.8131602756897025,1.3195536429573906,$1
2.098583475691526,1.8057215292193507,$1
2.890007232041091,2.702334587745497,$5
2.218860017823122,1.4413705001935984,$1
2.9134071546842852,2.850933735344734,$5
2.099230018931033,1.3125163354753255,$1
3.3794327608269805,2.8358520313386917,$5
2.9661342784495224,3.0322125595702487,$5
1.7816737187662335,1.6566709527248158,$1
3.1878731750822773,3.1381207018497124,$5
2.713642422881196,3.1693401686082288,$5
1.3422990598739182,2.0445720927139144,$1
3.0689578124901304,2.775962101354036,$5
3.407698586191572,2.825704085626839,$5
2.7909020539512253,2.9317778413594633,$5
2.0188591053883576,2.089117824418266,$1
3.159139592422402,2.994962110739551,$5
1.686255505722546,1.8562254052549765,$1
2.4314744673424418,2.3386746965627516,$1
2.802294845273593,1.9582628941440894,$1
3.2016830438920785,3.086019886720247,$5
2.9914298315366237,2.7187513625635154,$5
2.775114341266071,3.499639903622307,$5
2.695557412526549,2.94412484400992,$5
2.8663316415216054,3.269956318096926,$5
2.5044537168744005,1.8629353006369065,$1
2.3600528038724344,2.498520263152506,$1
3.017733161388496,2.9608763937865135,$5
2.1466457627948676,1.994392679339202,$1
3.3592356467873508,2.9246450106769952,$5
1.4525726488556068,1.5220898521992399,$1
3.0075813919919514,3.3408287464544397,$5
1.8340376509123246,2.4466115128506627,$1
2.2890100437994576,2.147156164673336,$1
2.173363959271095,2.330472010278901,$1
2.2907136227067495,1.6190818741980528,$1
1.7687596404819161,1.4563009596489518,$1
2.386363683853059,2.6635920442079652,$1
3.317184965965967,2.677511958372106,$5
3.044838283100828,2.956640037482827,$5
2.7431491077110337,2.069437316523964,$1
1.9166852706362847,1.4820843976578635,$1
2.43506583039503,1.5234644072992087,$1
2.019926744977697,1.9490120308166647,$1
2.172915121439548,2.046226861112328,$1
2.7575763950467125,2.8017540657695927,$5
2.2497395389796413,2.0031628214015216,$1
1.719821450797565,1.3159113319558413,$1
2.160497570555868,2.39016836264574,$1
3.222341374824457,3.291488456430276,$5
2.1753443179210006,2.7577729196310043,$1
1.7474676268958556,1.455585624072191,$1
1.6591733594317148,1.9071529082750305,$1
1.7903243615770792,2.8739769794836647,$1
1.174287297411719,2.1529200506471415,$1
1.8784798830771643,1.9921117793176635,$1
1.785418600881875,2.6941632739938717,$1
2.342521424042628,1.3266476024814755,$1
1.654734900724174,1.5328273388643376,$1
1.5867373513600724,2.1223690621672753,$1
2.3650662151806525,2.0397446915195894,$1
2.677290549663862,3.2247030623166473,$5
2.5746447892578073,2.953983038413309,$5
2.9080707506240486,3.003786869209625,$5
2.748553228109989,1.6393123415607813,$1
2.074601650743506,2.3621968922649152,$1
2.509914101379623,2.6910881252307184,$1
2.85813733696503,3.272652841053109,$5
2.3734366962534503,1.1690123296209798,$1
2.8882697885186026,2.6248351519043753,$5
2.8938708250402767,3.2255900226888934,$5
2.1165685849823115,2.825069912038509,$1
2.5106847809982913,2.285641015165205,$1
1.5390991054729675,1.4773361138529617,$1
1.445039121384074,1.4997392606318138,$1
2.4779469378020655,2.207639111027926,$1
1.9330867846502164,2.545996013948449,$1
2.183620891873078,2.018886161793374,$1
3.3352896397131424,2.824564775044399,$5
2.718657818186583,2.867416232307596,$5
3.3220920528705578,2.695527522195861,$5
2.2685322081232817,1.9065289117868278,$1
2.7283667535360134,2.975930618524547,$5
1.716293752881164,2.380913996833507,$1
1.9055215802235215,2.2942962925214716,$1
1.978904664848098,2.1861855660022043,$1
2.092664146943676,2.238306418649757,$1
2.157595394095221,1.7544149548229304,$1
2.8171307087092834,2.868398731940375,$5
2.229294578120151,1.8760874634979863,$1
2.2512779487747583,2.6584480544506595,$1
2.2743617954455764,1.5747952450588842,$1
2.790146314024422,2.7573961150913684,$5
2.9045462350854634,3.0303612021650004,$5
2.2888807836644656,1.8917243782303628,$1
2.2222190733018508,2.320689346313266,$1
2.1461965930114313,1.528421765392135,$1
3.2269386394697666,3.0149794656127513,$5
2.9858787006187972,3.4660657165760664,$5
1.976530359598473,2.624756102881778,$1
3.1491303468236023,3.3612247058115963,$5
1.6016926566362044,1.9028803942748207,$1
2.054783997116144,1.8948671360305869,$1
1.8745165858503066,1.6661274982573693,$1
2.4323071878235227,1.5846618120166922,$1
1.595614158792158,1.9648912155162723,$1
2.488988015943491,2.531209107390487,$1
2.2610033311764663,2.026981781506134,$1
1.7550771638163098,2.304781032989128,$1
2.16470852558438,2.003623290962709,$1
3.4066315178868423,3.141573246453444,$5
3.228485925632689,2.711428052133807,$5
2.2582717075005334,1.5376028673789532,$1
2.0545845182233036,1.5132814862837385,$1
3.185876937465393,2.8190683052996923,$5
3.4904112243306953,2.893672048745153,$5
3.0214682730914877,3.0823280082513724,$5
1.5923912549331687,1.928993193362215,$1
2.720982103011397,2.8528540947934045,$5
1.8642109193025969,1.9834357902587163,$1
1.5971261134227799,1.9263230235720097,$1
1.2595136920945205,2.074043100057701,$1
3.0671934944107972,2.701886441078114,$5
1.5490484733321042,2.177568397465369,$1
3.3647043444036284,2.7166771173246342,$5
